{
    "What is the difference between supervised, unsupervised, and reinforcement learning?": "Supervised learning uses labeled data to train a model, unsupervised learning finds patterns in unlabeled data, and reinforcement learning learns by trial and error using rewards or penalties.",
    "Explain overfitting and underfitting. How can you prevent overfitting?": "Overfitting is when a model performs well on training data but poorly on new data, while underfitting is when it performs poorly on both. Prevent overfitting with more data, regularization, pruning, or cross-validation.",
    "Describe the bias-variance tradeoff.": "Bias is error due to oversimplification, variance is error due to sensitivity to training data. The tradeoff balances underfitting and overfitting to minimize total error.",
    "What is cross-validation, and why is it important?": "Cross-validation splits data into training and validation sets multiple times to ensure the model generalizes well and reduces overfitting.",
    "How do you handle missing values in a dataset?": "You can remove missing data, impute values using mean/median/mode, or use models that handle missing values natively.",
    "Explain feature scaling and normalization.": "Feature scaling adjusts values to a standard range, and normalization rescales features to a specific range, improving model performance.",
    "How do you encode categorical variables for machine learning?": "Use techniques like one-hot encoding, label encoding, or embeddings to convert categorical variables to numeric form.",
    "Explain the working of a decision tree algorithm.": "Decision trees split data into branches based on feature values, making decisions at nodes to predict outcomes.",
    "What is the difference between logistic regression and linear regression?": "Linear regression predicts continuous values; logistic regression predicts probabilities for classification tasks.",
    "How does the Random Forest algorithm reduce overfitting compared to a single decision tree?": "Random Forest builds multiple decision trees on random subsets and averages their predictions, reducing overfitting.",
    "Explain the concept of gradient descent and how it is used in neural networks.": "Gradient descent iteratively updates model weights in the direction of the negative gradient of the loss function to minimize error.",
    "What is the difference between bagging and boosting?": "Bagging trains models independently on random subsets and averages results; boosting trains sequentially, focusing on previous errors.",
    "Explain principal component analysis (PCA) and when it is used.": "PCA reduces dimensionality by transforming data to principal components that capture the most variance, often used for visualization and speedup.",
    "Describe the process of hyperparameter tuning.": "Hyperparameter tuning involves testing different hyperparameter values to optimize model performance, using grid search or random search.",
    "How do you prevent data leakage in a machine learning project?": "Keep training and test data separate, avoid using future information, and ensure preprocessing is done only on training data.",
    "What are activation functions, and why are they necessary in neural networks?": "Activation functions introduce non-linearity, allowing neural networks to model complex patterns.",
    "Explain the architecture of a convolutional neural network (CNN).": "CNNs use convolutional layers to extract features, pooling layers to reduce dimensionality, and fully connected layers to classify inputs.",
    "What is the vanishing gradient problem and how can it be mitigated?": "Gradients become too small in deep networks, slowing learning. Mitigate using ReLU activation, residual connections, or normalization.",
    "Describe the difference between LSTM and GRU networks.": "LSTM has separate input, forget, and output gates; GRU combines some gates, making it simpler and faster while maintaining similar performance.",
    "What is dropout, and how does it help in training deep neural networks?": "Dropout randomly ignores neurons during training to prevent overfitting and improve generalization.",
    "You have an imbalanced dataset; how would you handle it?": "Use resampling techniques, class weighting, synthetic data (SMOTE), or anomaly detection methods.",
    "Explain a real-world application where reinforcement learning is used.": "Examples include game AI, self-driving cars, and robotic control tasks.",
    "How would you approach a project to predict customer churn?": "Collect customer data, preprocess, select features, train classification models, validate, and deploy predictions.",
    "What is backpropagation in neural networks?": "Backpropagation calculates gradients of the loss function with respect to weights and updates them via gradient descent.",
    "Explain the working of CNNs and their applications.": "CNNs detect spatial hierarchies in images using convolution, pooling, and fully connected layers, used in image recognition, detection, and segmentation.",
    "How does an LSTM network handle sequential data?": "LSTM maintains memory via cell states and gates, allowing it to capture long-term dependencies in sequences.",
    "What is transfer learning?": "Transfer learning uses a pre-trained model on a new, related task to reduce training time and data requirements.",
    "Explain precision, recall, and F1-score in model evaluation.": "Precision is the proportion of correct positive predictions, recall is the proportion of actual positives correctly identified, and F1-score is the harmonic mean of precision and recall.",
    "What is reinforcement learning and its real-world use?": "RL trains agents to make decisions based on rewards; used in robotics, games, and recommendation systems.",
    "Describe how attention mechanisms improve NLP models.": "Attention allows models to focus on relevant parts of the input sequence, improving translation, summarization, and comprehension.",
    "What is the difference between AI and ML?": "AI is the broader field of creating intelligent systems; ML is a subset focused on learning from data.",
    "Define supervised and unsupervised learning.": "Supervised learning uses labeled data; unsupervised learning finds patterns in unlabeled data.",
    "What are features in a dataset?": "Features are input variables used by models to make predictions or identify patterns.",
    "What is a confusion matrix?": "A confusion matrix shows true vs predicted classifications to evaluate model performance.",
    "What is overfitting in machine learning?": "Overfitting is when a model performs well on training data but poorly on unseen data.",
    "Explain the concept of training and testing datasets.": "Training data is used to fit the model; testing data evaluates performance on unseen data.",
    "What is a neural network?": "A neural network is a computational model inspired by the brain, consisting of layers of interconnected nodes (neurons).",
    "Explain gradient descent.": "Gradient descent iteratively adjusts model parameters to minimize the loss function.",
    "What is a decision tree and how does it work?": "A decision tree splits data based on feature values to make predictions in a tree-like structure.",
    "How does K-Means clustering algorithm work?": "K-Means partitions data into k clusters by minimizing distances between points and their cluster centroids.",
    "What are activation functions in neural networks?": "Functions like ReLU, sigmoid, and tanh introduce non-linearity to allow networks to model complex patterns.",
    "Explain cross-validation in model evaluation.": "Cross-validation splits data into folds to evaluate model generalization and prevent overfitting.",
    "What is feature scaling and why is it needed?": "Scaling adjusts feature ranges to ensure uniform influence and improve convergence of gradient-based algorithms.",
    "What is predictive analytics and how does it work?": "Predictive analytics uses historical data, statistical models, and ML to forecast future events.",
    "Explain the difference between correlation and causation.": "Correlation measures association, while causation indicates one variable directly affects another.",
    "What are anomaly detection techniques?": "Techniques include statistical methods, clustering, isolation forests, and neural network-based approaches to detect outliers.",
    "How do you handle missing data in analytics?": "Impute missing values, remove affected records, or use models that can handle missing values.",
    "What is cohort analysis?": "Cohort analysis studies behavior of a group of users over time based on shared characteristics.",
    "Explain regression analysis in data analytics.": "Regression models the relationship between dependent and independent variables to make predictions.",
    "What is real-time data analytics?": "Processing and analyzing data immediately as it arrives to make instant decisions.",
    "What is data analytics?": "The process of inspecting, cleaning, transforming, and modeling data to gain insights.",
    "What are the different types of data analytics?": "Descriptive, diagnostic, predictive, and prescriptive analytics.",
    "What is the difference between data analysis and data analytics?": "Data analysis focuses on examining data; data analytics encompasses analysis plus predictions, insights, and decision-making.",
    "What are key performance indicators (KPIs)?": "Metrics used to measure performance against objectives.",
    "What is a dashboard and why is it useful?": "A dashboard visualizes metrics and KPIs for quick insights and decision-making.",
    "What tools are used for data analytics?": "Excel, Python, R, SQL, Tableau, Power BI, and more.",
    "Explain the role of Excel in data analytics.": "Excel is used for data cleaning, analysis, visualization, and basic modeling.",
    "What is data visualization and why is it important?": "The graphical representation of data to identify patterns and communicate insights.",
    "What is the difference between descriptive and diagnostic analytics?": "Descriptive analytics summarizes data; diagnostic analytics identifies causes of trends or issues.",
    "Explain pivot tables and their use.": "Pivot tables summarize, aggregate, and analyze large datasets quickly in Excel or similar tools.",
    "What is SQL and how is it used in analytics?": "SQL is used to query and manipulate structured data in databases.",
    "Explain the ETL process.": "ETL (Extract, Transform, Load) collects data, converts it into suitable format, and loads it into a data warehouse.",
    "What are measures and dimensions in data analytics?": "Measures are numeric metrics; dimensions are attributes for grouping or filtering data.",
    "What is A/B testing?": "Comparing two variants (A and B) to determine which performs better based on metrics.",
    "What are Python’s key features?": "Python is a high-level, interpreted, general-purpose programming language designed for readability and simplicity. It supports multiple programming paradigms including object-oriented, procedural, and functional programming, and provides dynamic typing, automatic memory management, and a large standard library.",
    "Explain the difference between lists and tuples.": "Lists are mutable sequences that can be modified after creation, allowing adding, removing, or changing elements. Tuples are immutable sequences, which means once created, their contents cannot be changed, making them faster and suitable for fixed collections of data.",
    "What is PEP 8 and why is it important?": "PEP 8 is Python’s official style guide that provides conventions for writing readable and consistent code. Following PEP 8 improves code maintainability, reduces errors, and ensures that Python code looks uniform across different projects and teams.",
    "How is memory managed in Python?": "Python uses automatic memory management with reference counting and a garbage collector. It tracks objects, deallocates memory when objects are no longer in use, and handles cyclic references, reducing the chance of memory leaks and improving efficiency.",
    "What are Python’s data types?": "Python provides several built-in data types including integers, floats, strings, booleans, lists, tuples, sets, and dictionaries. Each data type has specific characteristics for storing and manipulating data efficiently, allowing developers to choose types according to their needs.",
    "What is the difference between mutable and immutable types?": "Mutable types like lists and dictionaries can be modified after creation, allowing updates to their elements. Immutable types like strings and tuples cannot be changed once created, providing advantages in performance, hashability, and ensuring data integrity in certain scenarios.",
    "How do you declare variables in Python?": "Variables in Python are declared using simple assignment, e.g., x = 10. Python is dynamically typed, which means the variable’s type is inferred automatically, and developers do not need to explicitly declare types before using variables.",
    "What are Python’s built-in data structures?": "Python offers built-in data structures such as lists, tuples, dictionaries, and sets. Lists and tuples store sequences, dictionaries store key-value pairs, and sets store unique elements. These structures are optimized for efficient data access, modification, and iteration.",
    "What is the difference between shallow copy and deep copy?": "A shallow copy creates a new object but references the same nested elements as the original, so changes in nested elements affect both. A deep copy recursively duplicates all objects and nested elements, producing a completely independent copy of the original object.",
    "What are keywords in Python?": "Keywords are reserved words in Python that have predefined meanings and cannot be used as variable names. Examples include if, else, for, while, class, def, and import. They form the basic syntax and structure of Python programs.",
    "What is indentation used for in Python?": "Indentation in Python is used to define code blocks such as loops, functions, and conditionals. Unlike other languages that use braces, Python relies on consistent indentation levels, and incorrect indentation will result in syntax errors.",
    "What is the difference between == and is operators?": "'==' compares the values of two objects to see if they are equal, while 'is' checks whether the two objects refer to the exact same memory location. Thus, '==' tests equality, while 'is' tests identity.",
    "How can you take user input in Python?": "The input() function reads a line of text entered by the user and returns it as a string. If the input should be treated as a number or another type, explicit conversion using int(), float(), or other type casting is required.",
    "What is type casting?": "Type casting in Python converts a value from one data type to another, either explicitly using functions like int(), float(), str(), or implicitly during operations. It allows operations between compatible types and ensures correct data handling in programs.",
    "How do you write comments in Python?": "Comments in Python are used to explain code and are ignored by the interpreter. Single-line comments start with #, while multi-line comments can be written using triple quotes (''' or \"\"\") for documentation purposes.",
    "Explain the purpose of the pass statement.": "The pass statement acts as a placeholder where a statement is syntactically required but no action is needed. It is commonly used in empty loops, functions, or classes to avoid syntax errors while leaving code to be implemented later.",
    "What are Python’s arithmetic operators?": "Python supports arithmetic operators such as addition (+), subtraction (-), multiplication (*), division (/), floor division (//), modulus (%), and exponentiation (**). These operators allow numeric calculations and mathematical operations on integers, floats, and other numeric types.",
    "What is a docstring?": "A docstring is a string literal used to document modules, classes, and functions. It is enclosed in triple quotes and can be accessed via the __doc__ attribute, providing meaningful documentation for developers and tools.",
    "How do you concatenate strings in Python?": "Strings can be concatenated using the + operator to combine multiple strings. For more readable formatting, Python also provides f-strings and the format() method, which allow inserting variables into strings dynamically.",
    "What is the difference between append() and extend() in a list?": "append() adds a single element to the end of a list, while extend() iterates over another iterable and adds each element individually. append() increases the list by one element, whereas extend() can increase it by multiple elements.",
    "What are local and global variables?": "Local variables are declared inside a function and accessible only within that function, while global variables are declared outside functions and can be accessed anywhere in the module. Global variables can also be modified inside functions using the 'global' keyword.",
    "What does the len() function do?": "The len() function returns the number of items in a sequence or collection, such as strings, lists, tuples, dictionaries, and sets. It is commonly used for loops, conditional checks, and data processing to determine the size of an object.",
    "How can you remove an element from a list?": "Elements can be removed using remove(value) to delete by value, pop(index) to remove by position and return it, or the del statement to delete specific indices or slices. Each method serves different use cases depending on the requirement.",
    "What is the purpose of the range() function?": "range() generates a sequence of numbers commonly used for iteration in loops. It can take start, stop, and step parameters to control the sequence, making loops more concise and avoiding the need for manual index management.",
    "What are Python’s comparison operators?": "Comparison operators such as ==, !=, >, <, >=, <= are used to compare values and return a boolean result. They are widely used in conditional statements, loops, and logical expressions for decision-making in programs.",
    "How can you reverse a list in Python?": "A list can be reversed in-place using list.reverse() or a reversed copy can be created using slicing syntax list[::-1]. Reversing is useful for algorithms requiring backward iteration or altering the order of data.",
    "What does the type() function do?": "The type() function returns the data type of a given object or variable. It helps verify variable types during debugging and can also be used dynamically to create new classes in advanced scenarios.",
    "What are the differences between Python 2 and Python 3?": "Python 3 uses print() as a function, has better Unicode support, and enforces stricter integer division. Python 2 is older, less secure, and not recommended for new projects since it lacks modern features and official support.",
    "What are escape characters in Python strings?": "Escape characters like \\n, \\t, \\\\ represent special characters in strings, allowing newlines, tabs, or backslashes to be included. They are used when special characters cannot be written directly in string literals.",
    "What is string slicing?": "String slicing extracts a portion of a string or sequence using the syntax string[start:end:step]. The start index is inclusive, the end is exclusive, and the step determines the interval between elements to include.",
    "What is the difference between a statement and an expression?": "Expressions evaluate to a value, such as 2+3 or x*5, whereas statements perform actions without necessarily returning a value, such as assignments, loops, and conditional statements.",
    "How do you format strings in Python?": "Strings can be formatted using f-strings, the format() method, or %-formatting. This allows variables to be dynamically inserted into strings, improving readability and reducing manual concatenation errors.",
    "What is the None keyword used for?": "None represents the absence of a value or a null object. It is commonly used as a default function return value, placeholder, or to signify that a variable has no meaningful value.",
    "What are Python’s logical operators?": "Logical operators include and, or, and not, which combine or negate boolean expressions. They are used in conditional statements, loops, and complex logical conditions to control the program flow.",
    "What is the purpose of the id() function?": "The id() function returns the unique memory address of an object, which can be used to determine object identity. It is useful to check whether two variables reference the same object.",
    "How do you check the type of a variable?": "Use the type() function to check the data type of a variable or object. This is helpful for debugging, ensuring type correctness, and writing type-dependent logic in programs.",
    "What are break, continue, and pass used for?": "break exits a loop immediately, continue skips the rest of the current iteration and moves to the next, and pass is a placeholder that does nothing, allowing empty loops or functions to remain syntactically valid.",
    "What is an iterable in Python?": "An iterable is any object capable of returning its elements one at a time, such as lists, tuples, strings, and dictionaries. Iterables can be used in loops or converted into iterators for sequential processing.",
    "How do you comment multiple lines in Python?": "Multiple lines can be commented using triple quotes (''' or \"\"\") or by placing # at the beginning of each line. Multi-line comments are used for explanations or temporary code removal.",
    "What does the input() function return?": "The input() function always returns user input as a string, even if the entered value looks like a number. Conversion functions like int() or float() are needed to work with numeric input.",
    "What is the use of del statement?": "The del statement removes variables, dictionary keys, or list elements from memory. It helps manage memory efficiently and can also be used to delete slices of sequences.",
    "What is the difference between remove() and pop() in lists?": "remove() deletes the first occurrence of a specified value, while pop() removes an element by index and returns it. remove() is value-based, pop() is index-based.",
    "How do you check if a key exists in a dictionary?": "Use the in keyword to check if a key exists, e.g., if key in dict:. It returns True if the key is present and False otherwise, preventing KeyError during access.",
    "What are Python’s bitwise operators?": "Bitwise operators like &, |, ^, ~, <<, and >> perform operations on binary representations of integers. They are useful for low-level programming, masking, or manipulating individual bits efficiently.",
    "What is the difference between int() and float()?": "int() converts a value to an integer by truncating decimals, while float() converts a value to a floating-point number, retaining decimal precision for mathematical calculations and operations.",
    "How do you round numbers in Python?": "Use round(number, ndigits) to round a number to the specified number of decimal places. If ndigits is omitted, it rounds to the nearest integer.",
    "What is the purpose of the in operator?": "The in operator checks for membership in a sequence or collection, returning True if a value exists and False otherwise. It is commonly used in conditionals and loops.",
    "What are default arguments in functions?": "Default arguments provide preset values for function parameters if the caller does not provide them. They allow functions to be called with fewer arguments and simplify code.",
    "How do you define a function in Python?": "Functions are defined using the def keyword, followed by the function name, parameters, and a code block. They encapsulate reusable logic and can optionally return a value using the return statement.",
    "What is the return value of a function that doesn’t return anything?": "If a function does not explicitly return a value, it returns None by default. This indicates the absence of a return value and can be used to signal that the function performed an action.",
    "What are Python’s comprehensions?": "Comprehensions provide a concise way to create lists, dictionaries, or sets from iterables. They allow filtering and mapping in a single line using syntax like [x for x in iterable if condition], improving code readability and efficiency.",
    "Explain Python decorators.": "Decorators are functions that modify the behavior of another function or method without changing its code. They are applied using the @ symbol and are often used for logging, access control, caching, or other cross-cutting concerns.",
    "What is the difference between deep and shallow copying?": "Shallow copy duplicates the top-level structure of an object, but nested objects are shared. Deep copy creates an independent copy of the object including all nested structures, preventing modifications to the original when the copy changes.",
    "How do Python generators work?": "Generators produce values lazily, yielding one item at a time using the yield keyword. They are memory-efficient for large datasets since they don’t store all values in memory, allowing iteration over sequences without creating full lists.",
    "What is the difference between iterators and iterables?": "An iterable is any object that can return its elements one at a time, while an iterator is the object used to iterate over an iterable. Iterators implement __next__() and __iter__() methods for sequential access.",
    "Explain Python’s global and nonlocal keywords.": "global allows modifying a variable defined at the module level inside a function. nonlocal allows modifying a variable in an enclosing function’s scope. Both are used to control variable scopes beyond local function definitions.",
    "What is Python’s GIL?": "The Global Interpreter Lock (GIL) is a mutex in CPython that allows only one thread to execute Python bytecode at a time. It simplifies memory management but limits multi-threaded CPU-bound performance.",
    "How do you handle exceptions in Python?": "Exceptions are handled using try-except blocks. Optionally, else runs if no exception occurs, and finally executes code regardless of exceptions. This ensures graceful error handling and resource cleanup.",
    "What are Python’s built-in modules?": "Python has many built-in modules like os, sys, math, datetime, and json, which provide pre-written functions for file handling, system operations, math calculations, date processing, and data serialization.",
    "Explain Python’s with statement.": "The with statement ensures proper resource management, like automatically closing files. It uses context managers, which define __enter__() and __exit__() methods, simplifying code that requires setup and cleanup steps.",
    "What are Python’s magic methods?": "Magic methods, also called dunder methods, are special methods like __init__, __str__, __add__, __len__ that allow customization of class behavior, operator overloading, and interaction with built-in Python operations.",
    "What is method overriding?": "Method overriding occurs when a subclass provides a different implementation of a method defined in its parent class. This allows polymorphic behavior, where the subclass method is called instead of the parent method.",
    "What is method overloading in Python?": "Python does not support traditional method overloading. Multiple definitions of the same function overwrite previous ones. Instead, default arguments or variable-length argument lists (*args, **kwargs) are used to handle different parameter scenarios.",
    "What are Python’s *args and **kwargs?": "*args allows passing variable numbers of positional arguments, and **kwargs allows variable keyword arguments. They enable flexible function calls and are commonly used in wrapper functions and decorators.",
    "Explain Python’s property() function.": "The property() function allows defining managed attributes in classes with getter, setter, and deleter methods. It provides controlled access to attributes while maintaining clean syntax without directly calling methods.",
    "What is the difference between @staticmethod and @classmethod?": "@staticmethod defines a method that doesn’t access instance or class data. @classmethod defines a method that receives the class as its first argument, allowing it to modify class state rather than instance state.",
    "Explain Python’s closures.": "A closure is a function that captures variables from its enclosing scope, preserving their values even after the outer function has finished executing. Closures are useful for data encapsulation, callbacks, and function factories.",
    "How do you use Python’s zip() function?": "zip() combines multiple iterables into tuples, pairing elements by index. It stops at the shortest iterable and is often used for parallel iteration, data alignment, or dictionary creation from two sequences.",
    "What is the difference between Python’s map() and filter() functions?": "map() applies a function to all items in an iterable and returns the results, while filter() applies a boolean function to include only items where the function returns True. Both produce iterators in Python 3.",
    "Explain Python’s reduce() function.": "reduce() from functools applies a function cumulatively to the items of an iterable, reducing it to a single value. It’s useful for calculations like sums, products, or aggregations across sequences.",
    "What is Python’s lambda function?": "A lambda function is an anonymous, inline function defined using the lambda keyword. It can have any number of arguments but a single expression, often used for short-term operations or as arguments to higher-order functions.",
    "How do you manage packages in Python?": "Packages are managed using pip, Python’s package installer. pip can install, upgrade, or remove packages, and virtual environments isolate dependencies, preventing conflicts between projects and ensuring reproducibility.",
    "What is Python’s virtual environment?": "A virtual environment is an isolated Python environment that keeps project-specific dependencies separate from the system Python installation. It prevents conflicts between packages and allows consistent development across machines.",
    "Explain Python’s memory management.": "Python manages memory automatically using reference counting and a cyclic garbage collector. It allocates and deallocates objects, cleans up unreachable objects, and handles memory efficiently to reduce leaks and optimize performance.",
    "What are Python’s descriptors?": "Descriptors are objects that manage attribute access using __get__, __set__, and __delete__ methods. They allow custom behavior when attributes are accessed, modified, or deleted, commonly used for validation, computed properties, and managed attributes.",
    "What is Python’s iterator protocol?": "The iterator protocol requires implementing __iter__() to return the iterator and __next__() to return the next value. Iterators provide a consistent way to traverse sequences, supporting lazy evaluation and for loops.",
    "Explain Python’s metaclasses.": "Metaclasses define the behavior of classes themselves, allowing customization of class creation, attribute management, and inheritance. They are advanced constructs used to implement frameworks, enforce coding patterns, or dynamically modify classes at runtime.",
    "What are Python’s sets and frozensets?": "Sets are unordered collections of unique elements supporting operations like union, intersection, and difference. frozensets are immutable sets, suitable for dictionary keys or elements of other sets where hashable objects are required.",
    "Explain Python’s property decorators.": "Property decorators (@property, @<name>.setter, @<name>.deleter) allow class attributes to be accessed like properties while enabling getter, setter, and deleter methods for encapsulation, validation, or computed attributes.",
    "What is the difference between Python’s is and ==?": "'==' checks equality of values, whereas 'is' checks whether two objects reference the same memory location. Understanding the distinction is critical when comparing immutable versus mutable objects or shared references.",
    "What is Python’s data hiding?": "Data hiding restricts direct access to class attributes using naming conventions like a single or double underscore. It enforces encapsulation, allowing controlled access through getters and setters while protecting internal data from external modification.",
    "Explain Python’s multiple inheritance.": "Python supports multiple inheritance, where a class can inherit from more than one parent. The Method Resolution Order (MRO) determines which parent’s attributes or methods are accessed, enabling flexible code reuse and complex class hierarchies.",
    "What is Python’s method resolution order (MRO)?": "MRO determines the order in which base classes are searched for a method or attribute in multiple inheritance. Python uses C3 linearization to ensure consistent and predictable method lookup across class hierarchies.",
    "Explain Python’s context managers.": "Context managers manage resources such as files or network connections using the with statement. They define __enter__() and __exit__() methods, ensuring resources are properly acquired and released even if exceptions occur.",
    "What is Python’s slicing syntax for lists?": "Slicing allows extracting sublists or subsequences using list[start:end:step]. start is inclusive, end is exclusive, and step determines the stride. Negative indices allow reverse access, and omitting parameters uses defaults for flexibility.",
    "What is the difference between Python’s list and array modules?": "Lists are general-purpose containers that store heterogeneous elements. The array module provides space-efficient arrays of homogeneous numeric types with faster computation but limited flexibility compared to lists.",
    "What are Python’s abstract base classes (ABC)?": "ABCs define a set of methods and properties that derived classes must implement. They enforce a contract for class behavior, ensuring consistency and enabling polymorphism across different implementations.",
    "Explain Python’s __init__ vs __new__.": "__new__ is a class method responsible for creating a new instance, while __init__ initializes it with attributes and state. __new__ is rarely overridden, mainly used in metaclasses or immutable objects, while __init__ handles regular initialization.",
    "What are Python’s regular expressions?": "Regular expressions allow pattern matching, searching, and manipulation of strings using the re module. They enable validation, text parsing, replacement, and complex string analysis efficiently using concise symbolic patterns.",
    "How do you serialize objects in Python?": "Serialization converts objects into a byte stream for storage or transmission using pickle, json, or other formats. Deserialization restores the object, enabling persistence, caching, or communication between programs.",
    "Explain Python’s memory leaks and prevention.": "Memory leaks occur when objects are no longer used but still referenced, preventing garbage collection. Avoid circular references, use weak references, and carefully manage global variables to minimize leaks.",
    "What is Python’s monkey patching?": "Monkey patching is the dynamic modification of modules or classes at runtime. It allows changing behavior without altering the original code, useful for testing or fixing bugs temporarily but can introduce maintenance challenges.",
    "Explain Python’s threading and multiprocessing.": "Threading allows concurrent execution in a single process, limited by the GIL for CPU-bound tasks. Multiprocessing runs separate processes with independent memory, suitable for CPU-intensive tasks. Both enable parallelism but differ in efficiency and use cases.",
    "What are Python’s slots?": "__slots__ is a class variable that restricts allowed instance attributes and avoids dynamic __dict__, reducing memory usage. It is useful for classes with many instances, improving performance and preventing arbitrary attribute assignment.",
    "Explain Python’s weak references.": "Weak references allow referencing objects without increasing their reference count. They help prevent memory leaks in caches or circular references, allowing objects to be garbage-collected when no strong references exist.",
    "What is Python’s metaprogramming?": "Metaprogramming allows code to manipulate or generate other code at runtime. Using features like metaclasses, decorators, and dynamic attribute creation, Python enables dynamic behavior, code customization, or runtime modifications beyond standard static programming patterns.",
    "Explain Python’s descriptors in detail.": "Descriptors manage attribute access by defining __get__, __set__, and __delete__. They allow custom behavior when getting, setting, or deleting attributes, enabling validation, computed properties, caching, and complex attribute management beyond simple instance variables.",
    "What is Python’s GIL and its impact on concurrency?": "The Global Interpreter Lock (GIL) in CPython allows only one thread to execute Python bytecode at a time. It simplifies memory management but limits CPU-bound multithreaded performance, though I/O-bound tasks can still benefit from threading.",
    "Explain Python’s asynchronous programming with asyncio.": "asyncio enables asynchronous, non-blocking code execution using async and await. It allows efficient handling of I/O-bound tasks, concurrent network requests, or event loops without multithreading, improving performance for high-latency operations.",
    "What are Python coroutines?": "Coroutines are special functions that can pause and resume execution using await or yield. They allow cooperative multitasking, efficient asynchronous I/O handling, and concurrency without the overhead of threads or processes.",
    "Explain Python’s event loop.": "An event loop continuously checks for and executes tasks or callbacks, coordinating asynchronous operations. In Python, asyncio provides an event loop that schedules coroutines, ensuring non-blocking execution and efficient concurrency for I/O-bound programs.",
    "What are Python’s async generators?": "Async generators combine asynchronous functions and generators, producing values lazily using async for. They allow streaming of data from asynchronous sources, like network connections or files, without blocking the event loop.",
    "Explain Python’s contextvars module.": "contextvars provides context-local storage for variables in asynchronous or multithreaded environments. It allows safe variable management without conflicts between concurrent tasks, supporting asyncio and other asynchronous frameworks.",
    "What is Python’s type hinting and annotations?": "Type hints allow optional static type declarations using annotations. They improve code readability, enable static analysis, and support tools like mypy, without affecting runtime behavior or performance.",
    "Explain Python’s typing module.": "The typing module provides types like List, Dict, Tuple, Callable, and Generic for static type checking. It allows precise type hints for variables, functions, and classes, improving code clarity and reducing runtime errors.",
    "What are Python’s protocols?": "Protocols define structural subtyping, specifying expected methods and attributes without inheritance. They enable type checking and flexible API design by validating object capabilities instead of concrete classes.",
    "Explain Python’s memory profiling techniques.": "Memory profiling identifies usage patterns, leaks, or inefficiencies. Tools like tracemalloc, memory_profiler, and objgraph help monitor memory allocations, track reference cycles, and optimize resource-intensive Python applications.",
    "What is Python’s weakref module?": "weakref allows creating references to objects without increasing their reference count, preventing memory leaks caused by circular references. Weak references enable caches, observer patterns, and efficient resource management.",
    "Explain Python’s cyclic garbage collection.": "Python’s cyclic garbage collector detects and frees unreachable objects involved in reference cycles. It complements reference counting, preventing memory leaks from objects referencing each other, especially in complex data structures.",
    "What are Python’s metaclasses used for?": "Metaclasses control class creation, allowing runtime modification of class attributes, methods, or inheritance. They are used in frameworks, enforcing design patterns, or dynamically creating classes based on configuration or runtime data.",
    "Explain Python’s multiple inheritance resolution (C3 linearization).": "C3 linearization ensures a consistent Method Resolution Order (MRO) in multiple inheritance. It provides predictable attribute lookup, maintaining parent order and avoiding ambiguity when methods or attributes exist in multiple base classes.",
    "What is Python’s functools module advanced usage?": "functools provides tools like partial, wraps, lru_cache, and total_ordering. Advanced usage includes memoization, function composition, method decoration, and preserving metadata for decorators, enhancing performance and maintainable higher-order functions.",
    "Explain Python’s memoryview object.": "memoryview allows direct access to the memory of binary objects without copying data. It enables efficient slicing, manipulation, and sharing of large buffers like bytearrays, reducing memory overhead in performance-critical applications.",
    "What is Python’s slot optimization in classes?": "__slots__ reduces memory usage and prevents dynamic attribute creation. By defining fixed attributes, Python avoids the per-instance __dict__, improving performance for classes with many instances while controlling allowed attributes.",
    "Explain Python’s generator expressions and advanced usage.": "Generator expressions lazily produce values using a compact syntax. Advanced usage includes chaining multiple generators, pipelining data transformations, reducing memory consumption, and supporting asynchronous operations with async generator expressions.",
    "What is Python’s dataclasses module?": "Dataclasses automate boilerplate code for classes, generating __init__, __repr__, __eq__, and other methods. They support type annotations, default values, immutability, and field customization, improving readability and reducing repetitive code.",
    "Explain Python’s pydantic or type validation libraries.": "Pydantic enforces data validation and type checking at runtime using Python type hints. It simplifies parsing, serialization, and ensures correctness for structured data in APIs or applications.",
    "What is Python’s contextlib module advanced usage?": "contextlib provides utilities for context managers, such as closing, suppress, and redirect_stdout. Advanced usage includes creating custom context managers with contextmanager decorators for resource management and temporary environmental changes.",
    "Explain Python’s iterators with infinite sequences.": "Python can create infinite iterators using itertools.count, cycle, or repeat. These support memory-efficient infinite sequences for simulations or streams, requiring careful use with limits or break conditions to avoid infinite loops.",
    "What is Python’s monkey patching risks and usage?": "Monkey patching modifies classes or modules at runtime. It’s useful for testing, hotfixes, or extending libraries, but can introduce maintenance challenges, conflicts, and unpredictable behavior if not managed carefully.",
    "Explain Python’s advanced logging techniques.": "Python logging supports multiple levels, handlers, and formatters. Advanced usage includes rotating files, asynchronous logging, contextual information via adapters, and structured logging for debugging and monitoring complex applications.",
    "What is Python’s multiprocessing shared memory?": "Multiprocessing supports shared memory objects and arrays to exchange data between processes efficiently. It allows parallel computation without serialization overhead while maintaining process isolation for CPU-bound tasks.",
    "Explain Python’s asyncio synchronization primitives.": "asyncio provides primitives like Lock, Event, Condition, and Semaphore to synchronize asynchronous tasks. They manage access to shared resources, ensuring safe concurrent operations without blocking the event loop.",
    "What is Python’s advanced exception handling?": "Advanced handling uses multiple except blocks, else, finally, chained exceptions, custom exceptions, and contextlib.suppress. This ensures precise error management, resource cleanup, and meaningful feedback in complex programs.",
    "Explain Python’s importlib advanced usage.": "importlib allows dynamic import, reloading, or inspection of modules at runtime. It supports plugin systems, modular applications, and runtime evaluation of code without restarting the interpreter.",
    "What are Python’s coroutines cancellation techniques?": "Coroutines can be cancelled using asyncio.CancelledError. Proper handling includes try-finally blocks, cleanup, and context-aware cancellation, ensuring safe shutdown of asynchronous tasks without leaving resources in inconsistent states.",
    "Explain Python’s async context managers.": "Async context managers support resource handling in asynchronous code using async with. They implement __aenter__ and __aexit__, enabling non-blocking acquisition and release of resources like connections or locks.",
    "What is Python’s advanced metaclass pattern?": "Advanced metaclasses enforce design patterns, validate class attributes, auto-register subclasses, or inject methods. They enable complex, reusable class behaviors for frameworks, plugins, or runtime class generation.",
    "Explain Python’s memory optimization for large datasets.": "Memory optimization includes using generators, iterators, slots, __slots__, memoryview, numpy arrays, and efficient data structures. These reduce memory footprint, prevent unnecessary copies, and improve performance for data-intensive applications.",
    "What is Python’s async iterator protocol?": "Async iterators implement __aiter__() and __anext__() to enable asynchronous iteration. They allow consuming asynchronous streams or sequences in an awaitable, non-blocking manner, supporting efficient I/O-bound processing.",
    "Explain Python’s advanced functools.lru_cache usage.": "lru_cache memoizes function results to avoid repeated computation. Advanced usage includes custom cache size, typed arguments, and manual cache clearing for optimizing expensive, deterministic functions.",
    "What is Python’s advanced descriptor chaining?": "Descriptors can be chained, where multiple descriptors handle different aspects of attribute access. This allows composition of validation, computation, caching, or logging behaviors in a controlled and modular manner.",
    "Explain Python’s slots vs __dict__ tradeoffs.": "__slots__ reduces memory but restricts dynamic attributes and inheritance flexibility. __dict__ allows dynamic attributes but consumes more memory. Choosing depends on instance count, memory constraints, and need for flexibility in class design.",
    "What is Python’s advanced type hinting with generics?": "Generics allow defining classes or functions parameterized by types, using TypeVar and Generic. Advanced usage improves static type checking, reusable abstractions, and ensures consistent types across collections or function inputs and outputs.",
    "Explain Python’s asyncio gather vs wait.": "asyncio.gather schedules multiple coroutines concurrently and returns results, while asyncio.wait waits for all or first completed tasks and provides task completion status. Both manage concurrent tasks differently based on synchronization needs.",
    "What is Python’s advanced memory leak detection?": "Detect leaks using tracemalloc, objgraph, gc.get_objects, or weak references. Analyze object growth patterns, reference cycles, and uncollected garbage to identify and prevent memory inefficiencies in long-running applications.",
    "Explain Python’s advanced multiprocessing Pool techniques.": "Pool manages multiple worker processes with map, apply, and imap. Advanced usage includes initializer functions, shared state, error handling, and combining with concurrent.futures for scalable parallel CPU-bound computation.",
    "What is Python’s descriptor vs property advanced comparison?": "Descriptors provide reusable attribute management with __get__, __set__, __delete__. property is a simplified descriptor for single attributes. Descriptors support complex behaviors, multiple attributes, or class-level logic, while property is convenient for basic getter/setter control.",
    "Explain Python’s import hooks and custom loaders.": "Import hooks allow customizing module loading using sys.meta_path and importlib. Custom loaders or finders enable dynamic module sources, virtual filesystems, or plugin architectures for advanced Python applications.",
    "What are Python’s coroutines with timeouts?": "Coroutines can use asyncio.wait_for or asyncio.timeout to enforce execution limits. Timeout handling ensures long-running async tasks don’t block the event loop, allowing graceful cancellation, fallback logic, or error reporting.",
    "Explain Python’s advanced class decorators.": "Class decorators modify or extend classes at runtime. They can add methods, inject properties, validate attributes, register classes in frameworks, or wrap behavior, providing modular, reusable enhancements to class definitions."


}





