{
    "Shreya": {
        "password": "1234",
        "email": "shreya@gmail.com",
        "scores": {
            "AIML": {
                "Define supervised and unsupervised learning.": 79.45,
                "What is the difference between AI and ML?": 86.65,
                "What are features in a dataset?": 30.32,
                "What is overfitting in machine learning?": 84.59,
                "Explain the concept of training and testing datasets.": 79.28,
                "What is a neural network?": 88.53,
                "What is a confusion matrix?": 0,
                "total_score": 64.12
            }
        }
    },
    "Shreya_11": {
        "password": "123",
        "email": "shreya_11@gmail.com"
    },
    "admin1": {
        "password": "1234",
        "email": "shreya1123@gmail.com",
        "scores": {
            "AIML": {
                "What is a confusion matrix?": 16.99,
                "Explain the concept of training and testing datasets.": 38.91,
                "What are features in a dataset?": 69.71,
                "What is a neural network?": 88.53,
                "Define supervised and unsupervised learning.": 83.27,
                "What is the difference between AI and ML?": 81.73,
                "What is overfitting in machine learning?": 84.59,
                "How does an LSTM network handle sequential data?": 74.9,
                "What is transfer learning?": 79.48,
                "Explain the working of CNNs and their applications.": 63.11,
                "Explain gradient descent.": 4.61,
                "What is feature scaling and why is it needed?": 0.69,
                "Explain cross-validation in model evaluation.": 10.66,
                "How does K-Means clustering algorithm work?": 0.09,
                "total_score": 115.07
            }
        }
    }
}