{
    "What is the difference between supervised, unsupervised, and reinforcement learning?": "Supervised learning uses labeled data to train a model, unsupervised learning finds patterns in unlabeled data, and reinforcement learning learns by trial and error using rewards or penalties.",
    "Explain overfitting and underfitting. How can you prevent overfitting?": "Overfitting is when a model performs well on training data but poorly on new data, while underfitting is when it performs poorly on both. Prevent overfitting with more data, regularization, pruning, or cross-validation.",
    "Describe the bias-variance tradeoff.": "Bias is error due to oversimplification, variance is error due to sensitivity to training data. The tradeoff balances underfitting and overfitting to minimize total error.",
    "What is cross-validation, and why is it important?": "Cross-validation splits data into training and validation sets multiple times to ensure the model generalizes well and reduces overfitting.",
    "How do you handle missing values in a dataset?": "You can remove missing data, impute values using mean/median/mode, or use models that handle missing values natively.",
    "Explain feature scaling and normalization.": "Feature scaling adjusts values to a standard range, and normalization rescales features to a specific range, improving model performance.",
    "How do you encode categorical variables for machine learning?": "Use techniques like one-hot encoding, label encoding, or embeddings to convert categorical variables to numeric form.",
    "Explain the working of a decision tree algorithm.": "Decision trees split data into branches based on feature values, making decisions at nodes to predict outcomes.",
    "What is the difference between logistic regression and linear regression?": "Linear regression predicts continuous values; logistic regression predicts probabilities for classification tasks.",
    "How does the Random Forest algorithm reduce overfitting compared to a single decision tree?": "Random Forest builds multiple decision trees on random subsets and averages their predictions, reducing overfitting.",
    "Explain the concept of gradient descent and how it is used in neural networks.": "Gradient descent iteratively updates model weights in the direction of the negative gradient of the loss function to minimize error.",
    "What is the difference between bagging and boosting?": "Bagging trains models independently on random subsets and averages results; boosting trains sequentially, focusing on previous errors.",
    "Explain principal component analysis (PCA) and when it is used.": "PCA reduces dimensionality by transforming data to principal components that capture the most variance, often used for visualization and speedup.",
    "Describe the process of hyperparameter tuning.": "Hyperparameter tuning involves testing different hyperparameter values to optimize model performance, using grid search or random search.",
    "How do you prevent data leakage in a machine learning project?": "Keep training and test data separate, avoid using future information, and ensure preprocessing is done only on training data.",
    "What are activation functions, and why are they necessary in neural networks?": "Activation functions introduce non-linearity, allowing neural networks to model complex patterns.",
    "Explain the architecture of a convolutional neural network (CNN).": "CNNs use convolutional layers to extract features, pooling layers to reduce dimensionality, and fully connected layers to classify inputs.",
    "What is the vanishing gradient problem and how can it be mitigated?": "Gradients become too small in deep networks, slowing learning. Mitigate using ReLU activation, residual connections, or normalization.",
    "Describe the difference between LSTM and GRU networks.": "LSTM has separate input, forget, and output gates; GRU combines some gates, making it simpler and faster while maintaining similar performance.",
    "What is dropout, and how does it help in training deep neural networks?": "Dropout randomly ignores neurons during training to prevent overfitting and improve generalization.",
    "You have an imbalanced dataset; how would you handle it?": "Use resampling techniques, class weighting, synthetic data (SMOTE), or anomaly detection methods.",
    "Explain a real-world application where reinforcement learning is used.": "Examples include game AI, self-driving cars, and robotic control tasks.",
    "How would you approach a project to predict customer churn?": "Collect customer data, preprocess, select features, train classification models, validate, and deploy predictions.",
    "What is backpropagation in neural networks?": "Backpropagation calculates gradients of the loss function with respect to weights and updates them via gradient descent.",
    "Explain the working of CNNs and their applications.": "CNNs detect spatial hierarchies in images using convolution, pooling, and fully connected layers, used in image recognition, detection, and segmentation.",
    "How does an LSTM network handle sequential data?": "LSTM maintains memory via cell states and gates, allowing it to capture long-term dependencies in sequences.",
    "What is transfer learning?": "Transfer learning uses a pre-trained model on a new, related task to reduce training time and data requirements.",
    "Explain precision, recall, and F1-score in model evaluation.": "Precision is the proportion of correct positive predictions, recall is the proportion of actual positives correctly identified, and F1-score is the harmonic mean of precision and recall.",
    "What is reinforcement learning and its real-world use?": "RL trains agents to make decisions based on rewards; used in robotics, games, and recommendation systems.",
    "Describe how attention mechanisms improve NLP models.": "Attention allows models to focus on relevant parts of the input sequence, improving translation, summarization, and comprehension.",
    "What is the difference between AI and ML?": "AI is the broader field of creating intelligent systems; ML is a subset focused on learning from data.",
    "Define supervised and unsupervised learning.": "Supervised learning uses labeled data; unsupervised learning finds patterns in unlabeled data.",
    "What are features in a dataset?": "Features are input variables used by models to make predictions or identify patterns.",
    "What is a confusion matrix?": "A confusion matrix shows true vs predicted classifications to evaluate model performance.",
    "What is overfitting in machine learning?": "Overfitting is when a model performs well on training data but poorly on unseen data.",
    "Explain the concept of training and testing datasets.": "Training data is used to fit the model; testing data evaluates performance on unseen data.",
    "What is a neural network?": "A neural network is a computational model inspired by the brain, consisting of layers of interconnected nodes (neurons).",
    "Explain gradient descent.": "Gradient descent iteratively adjusts model parameters to minimize the loss function.",
    "What is a decision tree and how does it work?": "A decision tree splits data based on feature values to make predictions in a tree-like structure.",
    "How does K-Means clustering algorithm work?": "K-Means partitions data into k clusters by minimizing distances between points and their cluster centroids.",
    "What are activation functions in neural networks?": "Functions like ReLU, sigmoid, and tanh introduce non-linearity to allow networks to model complex patterns.",
    "Explain cross-validation in model evaluation.": "Cross-validation splits data into folds to evaluate model generalization and prevent overfitting.",
    "What is feature scaling and why is it needed?": "Scaling adjusts feature ranges to ensure uniform influence and improve convergence of gradient-based algorithms.",
    "What is predictive analytics and how does it work?": "Predictive analytics uses historical data, statistical models, and ML to forecast future events.",
    "Explain the difference between correlation and causation.": "Correlation measures association, while causation indicates one variable directly affects another.",
    "What are anomaly detection techniques?": "Techniques include statistical methods, clustering, isolation forests, and neural network-based approaches to detect outliers.",
    "How do you handle missing data in analytics?": "Impute missing values, remove affected records, or use models that can handle missing values.",
    "What is cohort analysis?": "Cohort analysis studies behavior of a group of users over time based on shared characteristics.",
    "Explain regression analysis in data analytics.": "Regression models the relationship between dependent and independent variables to make predictions.",
    "What is real-time data analytics?": "Processing and analyzing data immediately as it arrives to make instant decisions.",
    "What is data analytics?": "The process of inspecting, cleaning, transforming, and modeling data to gain insights.",
    "What are the different types of data analytics?": "Descriptive, diagnostic, predictive, and prescriptive analytics.",
    "What is the difference between data analysis and data analytics?": "Data analysis focuses on examining data; data analytics encompasses analysis plus predictions, insights, and decision-making.",
    "What are key performance indicators (KPIs)?": "Metrics used to measure performance against objectives.",
    "What is a dashboard and why is it useful?": "A dashboard visualizes metrics and KPIs for quick insights and decision-making.",
    "What tools are used for data analytics?": "Excel, Python, R, SQL, Tableau, Power BI, and more.",
    "Explain the role of Excel in data analytics.": "Excel is used for data cleaning, analysis, visualization, and basic modeling.",
    "What is data visualization and why is it important?": "The graphical representation of data to identify patterns and communicate insights.",
    "What is the difference between descriptive and diagnostic analytics?": "Descriptive analytics summarizes data; diagnostic analytics identifies causes of trends or issues.",
    "Explain pivot tables and their use.": "Pivot tables summarize, aggregate, and analyze large datasets quickly in Excel or similar tools.",
    "What is SQL and how is it used in analytics?": "SQL is used to query and manipulate structured data in databases.",
    "Explain the ETL process.": "ETL (Extract, Transform, Load) collects data, converts it into suitable format, and loads it into a data warehouse.",
    "What are measures and dimensions in data analytics?": "Measures are numeric metrics; dimensions are attributes for grouping or filtering data.",
    "What is A/B testing?": "Comparing two variants (A and B) to determine which performs better based on metrics."
}
